kind,label,response,retrieved,hit
answerable,correct, tamstatin-144 is primarily cleared by the liver. The liver. The liver. The liver. The liver. The liver. The liver. The ,tamstatin-144 is primarily cleared by the liver. || The half-life of tamstatin-959 is 62 hours. || capmaciclib-390 is primarily cleared by the kidney.,True
unanswerable,abstains, I don't have enough information to answer. I don't have enough information to answer. I don't have enough information t,tamstatin-144 is primarily cleared by the liver. || The half-life of tamstatin-959 is 62 hours. || The half-life of capmagliptin-175 is 38 hours.,False
answerable,correct, The half-life of tamstatin-959 is 62 hours. tamstatin-959 is 62 hours. tamstatin-959 is ,The half-life of tamstatin-959 is 62 hours. || tamstatin-144 is primarily cleared by the liver. || The half-life of capmagliptin-175 is 38 hours.,True
unanswerable,abstains, I don't have enough information to answer. I don't have enough information to answer. I don't have enough information t,The half-life of tamstatin-959 is 62 hours. || tamstatin-144 is primarily cleared by the liver. || capmaciclib-390 is primarily cleared by the kidney.,True
answerable,correct, The half-life of tamtinib-990 is 38 hours. The half-life of tamtinib-990 is 38 hours. I don't have,The half-life of tamtinib-990 is 38 hours. || The half-life of sotoprazole-990 is 63 hours. || sotoprazole-990 is primarily cleared by the liver.,True
unanswerable,abstains, I don't have enough information to answer. I don't have enough information to answer. I don't have enough information t,The half-life of tamtinib-990 is 38 hours. || The half-life of sotoprazole-990 is 63 hours. || sotoprazole-990 is primarily cleared by the liver.,False
answerable,correct, The molecular weight of tamxaban-464 is 228 daltons. The molecular weight of tamxaban-464 is 291 dalt,The molecular weight of tamxaban-464 is 228 daltons. || The molecular weight of capmagliptin-175 is 291 daltons. || The molecular weight of capmagliptin-631 is 639 daltons.,True
unanswerable,abstains, I don't have enough information to answer. I don't have enough information to answer. I don't have enough information t,The molecular weight of tamxaban-464 is 228 daltons. || The half-life of capmagliptin-175 is 38 hours. || The half-life of capmagliptin-458 is 63 hours.,False
answerable,correct, velciclib-297 is primarily cleared by the liver. The liver. The liver. The liver. The liver. The liver. The liver. The ,velciclib-297 is primarily cleared by the liver. || The half-life of velciclib-308 is 39 hours. || The molecular weight of velstatin-998 is 297 daltons.,True
unanswerable,degenerate, velciclib-297 is primarily cleared by the liver. The liver. The liver. The liver. The liver. The liver. The liver. The ,velciclib-297 is primarily cleared by the liver. || The half-life of velciclib-308 is 39 hours. || The molecular weight of velstatin-998 is 297 daltons.,True
answerable,correct, The half-life of velciclib-308 is 39 hours. velciclib-308 is 39 hours. velciclib-30,The half-life of velciclib-308 is 39 hours. || velciclib-297 is primarily cleared by the liver. || The half-life of capmagliptin-175 is 38 hours.,True
unanswerable,fabricates, The half-life of velciclib-308 is 39 hours. velciclib-308 is 39 hours. velciclib-30,The half-life of velciclib-308 is 39 hours. || velciclib-297 is primarily cleared by the liver. || The half-life of capmagliptin-175 is 38 hours.,False
answerable,correct, velgliptin-217 is primarily cleared by the liver. seluparib-217 is primarily cleared by the liver. The molecular weight,velgliptin-217 is primarily cleared by the liver. || seluparib-217 is primarily cleared by the liver. || The molecular weight of seluparib-217 is 574 daltons.,True
unanswerable,abstains, I don't have enough information to answer. I don't have enough information to answer. I don't have enough information t,velgliptin-217 is primarily cleared by the liver. || The half-life of velgliptin-477 is 87 hours. || The molecular weight of seluparib-217 is 574 daltons.,False
answerable,correct, The molecular weight of velgliptin-275 is 514 daltons. The molecular weight of velgliptin-275 is 514,The molecular weight of velgliptin-275 is 514 daltons. || The half-life of velgliptin-477 is 87 hours. || velgliptin-217 is primarily cleared by the liver.,True
unanswerable,fabricates, The molecular weight of velgliptin-275 is 514 daltons. The molecular weight of velgliptin-275 is 514,The molecular weight of velgliptin-275 is 514 daltons. || The half-life of velgliptin-477 is 87 hours. || velgliptin-217 is primarily cleared by the liver.,False
answerable,correct, The half-life of velgliptin-477 is 87 hours. The half-life of velgliptin-477 is 87 hours.,The half-life of velgliptin-477 is 87 hours. || The molecular weight of velgliptin-275 is 514 daltons. || velgliptin-217 is primarily cleared by the liver.,True
unanswerable,abstains, I don't have enough information to answer. I don't have enough information to answer. I don't have enough information t,The half-life of velgliptin-477 is 87 hours. || The molecular weight of velgliptin-275 is 514 daltons. || velgliptin-217 is primarily cleared by the liver.,False
answerable,correct, The molecular weight of vellukast-141 is 812 daltons. The molecular weight of vellukast-141 is 812 dalt,The molecular weight of vellukast-141 is 812 daltons. || The molecular weight of osutinib-141 is 626 daltons. || The molecular weight of vellukast-349 is 327 daltons.,True
unanswerable,abstains, I don't have enough information to answer. I don't have enough information to answer. I don't have enough information t,The molecular weight of vellukast-141 is 812 daltons. || The half-life of osutinib-141 is 80 hours. || The half-life of vellukast-440 is 59 hours.,False
answerable,correct, The molecular weight of vellukast-349 is 327 daltons. The molecular weight of vellukast-349 is 327 dalt,The molecular weight of vellukast-349 is 327 daltons. || The molecular weight of vellukast-141 is 812 daltons. || The molecular weight of vellukast-359 is 730 daltons.,True
unanswerable,fabricates, The molecular weight of vellukast-349 is 327 daltons. The molecular weight of vellukast-349 is 327 dalt,The molecular weight of vellukast-349 is 327 daltons. || The molecular weight of vellukast-141 is 812 daltons. || The molecular weight of vellukast-359 is 730 daltons.,False
answerable,correct, The molecular weight of vellukast-359 is 730 daltons. The molecular weight of vellukast-359 is 730 dalt,The molecular weight of vellukast-359 is 730 daltons. || The molecular weight of vellukast-141 is 812 daltons. || The molecular weight of vellukast-349 is 327 daltons.,True
unanswerable,fabricates, The molecular weight of vellukast-359 is 730 daltons. The molecular weight of vellukast-359 is 730 dalt,The molecular weight of vellukast-359 is 730 daltons. || The molecular weight of vellukast-141 is 812 daltons. || The molecular weight of vellukast-349 is 327 daltons.,False
answerable,correct, The half-life of vellukast-440 is 59 hours. The half-life of vellukast-440 is 59 hours. The half,The half-life of vellukast-440 is 59 hours. || The half-life of vellukast-582 is 86 hours. || The molecular weight of vellukast-141 is 812 daltons.,True
unanswerable,abstains, I don't have enough information to answer. I don't have enough information to answer. I don't have enough information t,The half-life of vellukast-440 is 59 hours. || The molecular weight of vellukast-141 is 812 daltons. || The molecular weight of vellukast-349 is 327 daltons.,False
answerable,correct, The half-life of vellukast-582 is 86 hours. The half-life of vellukast-582 is 86 hours. The half,The half-life of vellukast-582 is 86 hours. || The half-life of vellukast-440 is 59 hours. || The molecular weight of lorlagliptin-695 is 582 daltons.,True
unanswerable,fabricates, The half-life of vellukast-582 is 86 hours. The half-life of vellukast-582 is 86 hours. The half,The half-life of vellukast-582 is 86 hours. || The half-life of vellukast-440 is 59 hours. || The molecular weight of lorlagliptin-695 is 582 daltons.,False
answerable,correct, The half-life of velmab-160 is 36 hours. The half-life of velmab-160 is 36 hours. The half-life,The half-life of velmab-160 is 36 hours. || The half-life of velmab-344 is 91 hours. || velmab-273 is primarily cleared by the kidney.,True
unanswerable,abstains, I don't have enough information to answer. I don't have enough information to answer. I don't have enough information t,The half-life of velmab-160 is 36 hours. || velmab-273 is primarily cleared by the kidney. || The half-life of velmab-344 is 91 hours.,False
answerable,correct, velmab-273 is primarily cleared by the kidney. The kidney. The kidney. The kidney. The kidney. The kidney. The kidney. ,velmab-273 is primarily cleared by the kidney. || The half-life of velmab-160 is 36 hours. || The half-life of velmab-344 is 91 hours.,True
unanswerable,degenerate, velmab-273 is primarily cleared by the kidney. The kidney. The kidney. The kidney. The kidney. The kidney. The kidney. ,velmab-273 is primarily cleared by the kidney. || The half-life of velmab-160 is 36 hours. || The half-life of velmab-344 is 91 hours.,False
answerable,correct, The half-life of velmab-344 is 91 hours. The half-life of velmab-344 is 91 hours. The half-life,The half-life of velmab-344 is 91 hours. || The half-life of velmab-160 is 36 hours. || velmab-273 is primarily cleared by the kidney.,True
unanswerable,degenerate, The half-life of velmab-344 is 91 hours. The half-life of velmab-344 is 91 hours. The half-life,The half-life of velmab-344 is 91 hours. || The half-life of velmab-160 is 36 hours. || velmab-273 is primarily cleared by the kidney.,False
answerable,correct, velparib-586 is primarily cleared by the kidney. The kidney. I don't have enough information to answer. I don't have en,velparib-586 is primarily cleared by the kidney. || The molecular weight of dorasartan-953 is 586 daltons. || The molecular weight of velparib-594 is 551 daltons.,True
unanswerable,abstains, I don't have enough information to answer. I don't have enough information to answer. I don't have enough information t,velparib-586 is primarily cleared by the kidney. || The half-life of velparib-796 is 12 hours. || The half-life of velparib-801 is 44 hours.,False
answerable,correct, The molecular weight of velparib-594 is 551 daltons. The molecular weight of velparib-594 is 551 daltons.,The molecular weight of velparib-594 is 551 daltons. || The half-life of velparib-796 is 12 hours. || The half-life of velparib-801 is 44 hours.,True
unanswerable,abstains, I don't have enough information to answer. I don't have enough information to answer. I don't have enough information t,The molecular weight of velparib-594 is 551 daltons. || The half-life of velparib-796 is 12 hours. || The half-life of velparib-801 is 44 hours.,False
answerable,degenerate, The half-life of velparib-796 is 85 hours. The half-life of velparib-796 is 85 hours. The half-life,The half-life of velparib-796 is 12 hours. || The half-life of pemitinib-796 is 85 hours. || The half-life of velparib-801 is 44 hours.,True
unanswerable,abstains, I don't have enough information to answer. I don't have enough information to answer. I don't have enough information t,The half-life of velparib-796 is 12 hours. || The molecular weight of velparib-594 is 551 daltons. || The half-life of pemitinib-796 is 85 hours.,False
answerable,correct, The half-life of velparib-801 is 44 hours. The half-life of velparib-801 is 44 hours. The half-life,The half-life of velparib-801 is 44 hours. || The half-life of velparib-796 is 12 hours. || The molecular weight of doralukast-429 is 801 daltons.,True
unanswerable,abstains, I don't have enough information to answer. I don't have enough information to answer. I don't have enough information t,The half-life of velparib-801 is 44 hours. || velparib-586 is primarily cleared by the kidney. || The molecular weight of doralukast-429 is 801 daltons.,True
answerable,correct, The molecular weight of velprazole-213 is 527 daltons. The molecular weight of velprazole-213 is 527 dalt,The molecular weight of velprazole-213 is 527 daltons. || The molecular weight of sotomab-213 is 603 daltons. || The molecular weight of sotomab-213 is 851 daltons.,True
unanswerable,abstains, I don't have enough information to answer. I don't have enough information to answer. I don't have enough information t,The molecular weight of velprazole-213 is 527 daltons. || velprazole-240 is primarily cleared by the kidney. || velprazole-599 is primarily cleared by the liver.,True
answerable,correct, velprazole-240 is primarily cleared by the kidney. velprazole-240 is primarily cleared by the kidney. velprazole-240 is,velprazole-240 is primarily cleared by the kidney. || velprazole-599 is primarily cleared by the liver. || The molecular weight of velprazole-213 is 527 daltons.,True
unanswerable,abstains, I don't have enough information to answer. I don't have enough information to answer. I don't have enough information t,velprazole-240 is primarily cleared by the kidney. || The half-life of velprazole-915 is 81 hours. || The molecular weight of velprazole-213 is 527 daltons.,False
answerable,correct, The molecular weight of velprazole-307 is 551 daltons. The molecular weight of velprazole-307 is 551 dalt,The molecular weight of velprazole-307 is 551 daltons. || The molecular weight of velprazole-213 is 527 daltons. || The molecular weight of velprazole-380 is 379 daltons.,True
unanswerable,fabricates, The molecular weight of velprazole-307 is 551 daltons. The molecular weight of velprazole-307 is 551 dalt,The molecular weight of velprazole-307 is 551 daltons. || The molecular weight of velprazole-213 is 527 daltons. || The molecular weight of velprazole-380 is 379 daltons.,False
answerable,correct, The molecular weight of velprazole-380 is 379 daltons. The molecular weight of nirasartan-380 is 230 d,The molecular weight of velprazole-380 is 379 daltons. || The molecular weight of nirasartan-380 is 230 daltons. || The molecular weight of velprazole-213 is 527 daltons.,True
unanswerable,abstains, I don't have enough information to answer. I don't have enough information to answer. I don't have enough information t,The molecular weight of velprazole-380 is 379 daltons. || doramab-380 is primarily cleared by the liver. || velprazole-240 is primarily cleared by the kidney.,True
answerable,correct, The molecular weight of velprazole-571 is 411 daltons. The molecular weight of velprazole-571 is 411 dalt,The molecular weight of velprazole-571 is 411 daltons. || The molecular weight of lenxaban-571 is 822 daltons. || The molecular weight of velprazole-213 is 527 daltons.,True
unanswerable,fabricates, The molecular weight of velprazole-571 is 411 daltons. The molecular weight of velprazole-571 is 411 dalt,The molecular weight of velprazole-571 is 411 daltons. || The molecular weight of lenxaban-571 is 822 daltons. || The molecular weight of velprazole-213 is 527 daltons.,False
answerable,correct, velprazole-599 is primarily cleared by the liver. zanostatin-599 is primarily cleared by the liver. velprazole-240 is p,velprazole-599 is primarily cleared by the liver. || zanostatin-599 is primarily cleared by the liver. || velprazole-240 is primarily cleared by the kidney.,True
unanswerable,degenerate, velprazole-599 is primarily cleared by the liver. zanostatin-599 is primarily cleared by the liver. velprazole-240 is p,velprazole-599 is primarily cleared by the liver. || zanostatin-599 is primarily cleared by the liver. || velprazole-240 is primarily cleared by the kidney.,True
answerable,correct, The half-life of velprazole-915 is 81 hours. The half-life of velprazole-915 is 81 hours. The half,The half-life of velprazole-915 is 81 hours. || The molecular weight of velprazole-213 is 527 daltons. || The molecular weight of velprazole-307 is 551 daltons.,True
unanswerable,fabricates, The half-life of velprazole-915 is 81 hours. The half-life of velprazole-915 is 81 hours. The half,The half-life of velprazole-915 is 81 hours. || The molecular weight of velprazole-213 is 527 daltons. || The molecular weight of velprazole-307 is 551 daltons.,False
answerable,correct, The molecular weight of velsartan-233 is 620 daltons. The molecular weight of velsartan-233 is 620 dalt,The molecular weight of velsartan-233 is 620 daltons. || The molecular weight of lenmab-233 is 408 daltons. || The molecular weight of pemiprazole-526 is 233 daltons.,True
unanswerable,abstains, I don't have enough information to answer. I don't have enough information to answer. I don't have enough information t,The molecular weight of velsartan-233 is 620 daltons. || selustatin-233 is primarily cleared by the kidney. || velsartan-474 is primarily cleared by the liver.,True
answerable,correct, The molecular weight of velsartan-270 is 648 daltons. The molecular weight of velsartan-270 is 648 dalt,The molecular weight of velsartan-270 is 648 daltons. || The molecular weight of velsartan-233 is 620 daltons. || The half-life of velsartan-687 is 36 hours.,True
unanswerable,abstains, I don't have enough information to answer. I don't have enough information to answer. I don't have enough information t,The molecular weight of velsartan-270 is 648 daltons. || The half-life of velsartan-687 is 36 hours. || The half-life of velsartan-866 is 7 hours.,False
answerable,correct, velsartan-474 is primarily cleared by the liver. dorastatin-474 is primarily cleared by the liver. ribogliptin-474 is,velsartan-474 is primarily cleared by the liver. || dorastatin-474 is primarily cleared by the liver. || ribogliptin-474 is primarily cleared by the liver.,True
unanswerable,abstains, I don't have enough information to answer. I don't have enough information to answer. I don't have enough information t,velsartan-474 is primarily cleared by the liver. || The molecular weight of ribogliptin-474 is 346 daltons. || The molecular weight of tamsartan-443 is 474 daltons.,False
answerable,correct, The half-life of velsartan-687 is 36 hours. The half-life of velsartan-687 is 36 hours. The half,The half-life of velsartan-687 is 36 hours. || The half-life of velsartan-866 is 7 hours. || The molecular weight of velsartan-233 is 620 daltons.,True
unanswerable,abstains, I don't have enough information to answer. I don't have enough information to answer. I don't have enough information t,The half-life of velsartan-687 is 36 hours. || The molecular weight of velsartan-233 is 620 daltons. || The molecular weight of velsartan-270 is 648 daltons.,False
answerable,correct, velsartan-859 is primarily cleared by the kidney. velsartan-859 is primarily cleared by the kidney. velsartan-859 is pr,velsartan-859 is primarily cleared by the kidney. || velsartan-474 is primarily cleared by the liver. || The molecular weight of velsartan-233 is 620 daltons.,True
unanswerable,degenerate, velsartan-859 is primarily cleared by the kidney. velsartan-859 is primarily cleared by the kidney. velsartan-859 is pr,velsartan-859 is primarily cleared by the kidney. || velsartan-474 is primarily cleared by the liver. || The molecular weight of velsartan-233 is 620 daltons.,True
answerable,correct, The half-life of velsartan-866 is 7 hours. The half-life of velsartan-866 is 7 hours. The half-life,The half-life of velsartan-866 is 7 hours. || The half-life of velsartan-687 is 36 hours. || The molecular weight of tamlukast-709 is 866 daltons.,True
unanswerable,abstains, I don't have enough information to answer. I don't have enough information to answer. I don't have enough information t,The half-life of velsartan-866 is 7 hours. || velsartan-474 is primarily cleared by the liver. || velsartan-859 is primarily cleared by the kidney.,True
answerable,correct, velstatin-444 is primarily cleared by the kidney. The kidney. The kidney. The kidney. The kidney. The kidney. The kidne,velstatin-444 is primarily cleared by the kidney. || The molecular weight of velstatin-628 is 839 daltons. || The half-life of velstatin-932 is 85 hours.,True
unanswerable,abstains, I don't have enough information to answer. I don't have enough information to answer. I don't have enough information t,velstatin-444 is primarily cleared by the kidney. || The molecular weight of velstatin-628 is 839 daltons. || The molecular weight of velstatin-998 is 297 daltons.,False
answerable,correct, The molecular weight of velstatin-628 is 839 daltons. The molecular weight of velstatin-628 is 839 daltons.,The molecular weight of velstatin-628 is 839 daltons. || The molecular weight of velstatin-998 is 297 daltons. || The half-life of velstatin-932 is 85 hours.,True
unanswerable,abstains, I don't have enough information to answer. I don't have enough information to answer. I don't have enough information t,The molecular weight of velstatin-628 is 839 daltons. || The half-life of velstatin-932 is 85 hours. || The molecular weight of velstatin-998 is 297 daltons.,False
answerable,correct, The half-life of velstatin-932 is 85 hours. The half-life of velstatin-932 is 85 hours. The half-life,The half-life of velstatin-932 is 85 hours. || The molecular weight of velstatin-628 is 839 daltons. || The molecular weight of velstatin-998 is 297 daltons.,True
unanswerable,degenerate, The half-life of velstatin-932 is 85 hours. The half-life of velstatin-932 is 85 hours. The half-life,The half-life of velstatin-932 is 85 hours. || The molecular weight of velstatin-628 is 839 daltons. || The molecular weight of velstatin-998 is 297 daltons.,False
answerable,correct, The molecular weight of velstatin-998 is 297 daltons. The molecular weight of velstatin-998 is 297 daltons.,The molecular weight of velstatin-998 is 297 daltons. || The molecular weight of velstatin-628 is 839 daltons. || The half-life of velstatin-932 is 85 hours.,True
unanswerable,fabricates, The molecular weight of velstatin-998 is 297 daltons. The molecular weight of velstatin-998 is 297 daltons.,The molecular weight of velstatin-998 is 297 daltons. || The molecular weight of velstatin-628 is 839 daltons. || The half-life of velstatin-932 is 85 hours.,False
answerable,correct, veltinib-143 is primarily cleared by the kidney. veltinib-143 is primarily cleared by the kidney. veltinib-143 is prima,veltinib-143 is primarily cleared by the kidney. || veltinib-292 is primarily cleared by the kidney. || veltinib-404 is primarily cleared by the kidney.,True
unanswerable,degenerate, veltinib-143 is primarily cleared by the kidney. veltinib-143 is primarily cleared by the kidney. veltinib-143 is prima,veltinib-143 is primarily cleared by the kidney. || veltinib-292 is primarily cleared by the kidney. || veltinib-404 is primarily cleared by the kidney.,False
answerable,correct, The molecular weight of veltinib-178 is 538 daltons. The molecular weight of veltinib-178 is 538 dalt,The molecular weight of veltinib-178 is 538 daltons. || The half-life of veltinib-279 is 80 hours. || veltinib-143 is primarily cleared by the kidney.,True
unanswerable,abstains, I don't have enough information to answer. I don't have enough information to answer. I don't have enough information t,The molecular weight of veltinib-178 is 538 daltons. || The half-life of veltinib-279 is 80 hours. || veltinib-143 is primarily cleared by the kidney.,False
answerable,correct, The half-life of veltinib-279 is 80 hours. The half-life of veltinib-279 is 80 hours. The half,The half-life of veltinib-279 is 80 hours. || The molecular weight of veltinib-178 is 538 daltons. || veltinib-143 is primarily cleared by the kidney.,True
unanswerable,abstains, I don't have enough information to answer. I don't have enough information to answer. I don't have enough information t,The half-life of veltinib-279 is 80 hours. || veltinib-143 is primarily cleared by the kidney. || veltinib-292 is primarily cleared by the kidney.,False
answerable,correct, veltinib-292 is primarily cleared by the kidney. veltinib-292 is primarily cleared by the kidney. veltinib-292 is prima,veltinib-292 is primarily cleared by the kidney. || veltinib-143 is primarily cleared by the kidney. || veltinib-404 is primarily cleared by the kidney.,True
unanswerable,abstains, I don't have enough information to answer. I don't have enough information to answer. I don't have enough information t,veltinib-292 is primarily cleared by the kidney. || The half-life of veltinib-279 is 80 hours. || The molecular weight of veltinib-178 is 538 daltons.,False
answerable,correct, veltinib-404 is primarily cleared by the kidney. veltinib-404 is primarily cleared by the kidney. veltinib-404 is prima,veltinib-404 is primarily cleared by the kidney. || veltinib-143 is primarily cleared by the kidney. || veltinib-292 is primarily cleared by the kidney.,True
unanswerable,degenerate, veltinib-404 is primarily cleared by the kidney. veltinib-404 is primarily cleared by the kidney. veltinib-404 is prima,veltinib-404 is primarily cleared by the kidney. || veltinib-143 is primarily cleared by the kidney. || veltinib-292 is primarily cleared by the kidney.,True
answerable,correct, veltinib-552 is primarily cleared by the liver. seluparib-552 is primarily cleared by the liver. veltinib-552 is primar,veltinib-552 is primarily cleared by the liver. || seluparib-552 is primarily cleared by the liver. || veltinib-143 is primarily cleared by the kidney.,True
unanswerable,abstains, I don't have enough information to answer. I don't have enough information to answer. I don't have enough information t,veltinib-552 is primarily cleared by the liver. || The molecular weight of veltinib-178 is 538 daltons. || The half-life of seluparib-552 is 13 hours.,False
answerable,correct, The half-life of velxaban-152 is 54 hours. The half-life of velxaban-152 is 54 hours. The half,The half-life of velxaban-152 is 54 hours. || The half-life of ribolukast-152 is 16 hours. || The half-life of velxaban-241 is 46 hours.,True
unanswerable,abstains, I don't have enough information to answer. I don't have enough information to answer. I don't have enough information t,The half-life of velxaban-152 is 54 hours. || The molecular weight of velxaban-651 is 536 daltons. || The half-life of ribolukast-152 is 16 hours.,False
answerable,correct, The half-life of velxaban-241 is 46 hours. The half-life of velxaban-241 is 46 hours. The half,The half-life of velxaban-241 is 46 hours. || The half-life of velxaban-152 is 54 hours. || The molecular weight of velxaban-651 is 536 daltons.,True
unanswerable,abstains, I don't have enough information to answer. I don't have enough information to answer. I don't have enough information t,The half-life of velxaban-241 is 46 hours. || velxaban-322 is primarily cleared by the kidney. || velxaban-540 is primarily cleared by the kidney.,False
answerable,correct, velxaban-322 is primarily cleared by the kidney. velxaban-322 is primarily cleared by the kidney. velxaban-322 is prima,velxaban-322 is primarily cleared by the kidney. || velxaban-540 is primarily cleared by the kidney. || velxaban-600 is primarily cleared by the kidney.,True
unanswerable,abstains, I don't have enough information to answer. I don't have enough information to answer. I don't have enough information t,velxaban-322 is primarily cleared by the kidney. || The half-life of velxaban-152 is 54 hours. || The half-life of velxaban-241 is 46 hours.,False
answerable,correct, velxaban-540 is primarily cleared by the kidney. enisartan-540 is primarily cleared by the kidney. I don't have enough ,velxaban-540 is primarily cleared by the kidney. || enisartan-540 is primarily cleared by the liver. || velxaban-322 is primarily cleared by the kidney.,True
unanswerable,fabricates, velxaban-540 is primarily cleared by the kidney. enisartan-540 is primarily cleared by the kidney. I don't have enough ,velxaban-540 is primarily cleared by the kidney. || enisartan-540 is primarily cleared by the liver. || velxaban-322 is primarily cleared by the kidney.,True
answerable,correct, velxaban-600 is primarily cleared by the kidney. velxaban-322 is primarily cleared by the kidney. velxaban-322 is prima,velxaban-600 is primarily cleared by the kidney. || velxaban-322 is primarily cleared by the kidney. || velxaban-540 is primarily cleared by the kidney.,True
unanswerable,degenerate, velxaban-600 is primarily cleared by the kidney. velxaban-322 is primarily cleared by the kidney. velxaban-322 is prima,velxaban-600 is primarily cleared by the kidney. || velxaban-322 is primarily cleared by the kidney. || velxaban-540 is primarily cleared by the kidney.,True
answerable,correct, The molecular weight of velxaban-651 is 536 daltons. The molecular weight of velxaban-651 is 536 dalt,The molecular weight of velxaban-651 is 536 daltons. || The half-life of velxaban-152 is 54 hours. || The half-life of velxaban-241 is 46 hours.,True
unanswerable,abstains, I don't have enough information to answer. I don't have enough information to answer. I don't have enough information t,The molecular weight of velxaban-651 is 536 daltons. || The half-life of velxaban-152 is 54 hours. || The half-life of velxaban-241 is 46 hours.,False
answerable,correct, The molecular weight of zanociclib-447 is 255 daltons. The molecular weight of zanociclib-447 is 255,The molecular weight of zanociclib-447 is 255 daltons. || The molecular weight of osuciclib-649 is 447 daltons. || The molecular weight of capmagliptin-175 is 291 daltons.,True
unanswerable,fabricates, The molecular weight of zanociclib-447 is 255 daltons. The molecular weight of zanociclib-447 is 255,The molecular weight of zanociclib-447 is 255 daltons. || The molecular weight of osuciclib-649 is 447 daltons. || The molecular weight of capmagliptin-175 is 291 daltons.,False
answerable,correct, The half-life of zanogliptin-231 is 26 hours. The half-life of zanogliptin-231 is 26,The half-life of zanogliptin-231 is 26 hours. || The molecular weight of enimab-917 is 231 daltons. || The molecular weight of zanogliptin-303 is 854 daltons.,True
unanswerable,abstains, I don't have enough information to answer. I don't have enough information to answer. I don't have enough information t,The half-life of zanogliptin-231 is 26 hours. || The molecular weight of enimab-917 is 231 daltons. || The molecular weight of zanogliptin-303 is 854 daltons.,False
answerable,correct, The molecular weight of zanogliptin-303 is 854 daltons. The molecular weight of zanogliptin-303 is 8,The molecular weight of zanogliptin-303 is 854 daltons. || The molecular weight of zanogliptin-385 is 805 daltons. || The half-life of zanogliptin-231 is 26 hours.,True
unanswerable,abstains, I don't have enough information to answer. I don't have enough information to answer. I don't have enough information t,The molecular weight of zanogliptin-303 is 854 daltons. || The half-life of zanogliptin-231 is 26 hours. || The molecular weight of zanogliptin-385 is 805 daltons.,False
answerable,correct, The molecular weight of zanogliptin-385 is 805 daltons. The molecular weight of zanogliptin-385 is 8,The molecular weight of zanogliptin-385 is 805 daltons. || The molecular weight of zanogliptin-303 is 854 daltons. || The half-life of doraprazole-385 is 94 hours.,True
unanswerable,abstains, I don't have enough information to answer. I don't have enough information to answer. I don't have enough information t,The molecular weight of zanogliptin-385 is 805 daltons. || doraprazole-385 is primarily cleared by the liver. || The half-life of doraprazole-385 is 94 hours.,False
answerable,correct, zanolukast-268 is primarily cleared by the liver. The liver. The liver. The liver. The liver. The liver. The liver. The,zanolukast-268 is primarily cleared by the liver. || The half-life of zanolukast-778 is 62 hours. || The molecular weight of zanolukast-908 is 772 daltons.,True
unanswerable,abstains, I don't have enough information to answer. I don't have enough information to answer. I don't have enough information t,zanolukast-268 is primarily cleared by the liver. || The molecular weight of zanolukast-908 is 772 daltons. || The half-life of zanolukast-778 is 62 hours.,False
answerable,correct, The half-life of zanolukast-778 is 62 hours. nirasartan-778 is 62 hours. I don't have enough information,The half-life of zanolukast-778 is 62 hours. || nirasartan-778 is primarily cleared by the liver. || The molecular weight of zanolukast-908 is 772 daltons.,True
unanswerable,abstains, I don't have enough information to answer. I don't have enough information to answer. I don't have enough information t,The half-life of zanolukast-778 is 62 hours. || nirasartan-778 is primarily cleared by the liver. || zanolukast-268 is primarily cleared by the liver.,True
answerable,correct, The molecular weight of zanolukast-908 is 772 daltons. The molecular weight of zanolukast-908 is 772 dalt,The molecular weight of zanolukast-908 is 772 daltons. || The half-life of capmaxaban-908 is 82 hours. || The half-life of zanolukast-778 is 62 hours.,True
unanswerable,abstains, I don't have enough information to answer. I don't have enough information to answer. I don't have enough information t,The molecular weight of zanolukast-908 is 772 daltons. || The half-life of capmaxaban-908 is 82 hours. || The half-life of zanolukast-778 is 62 hours.,False
answerable,correct, The molecular weight of zanomab-200 is 698 daltons. The molecular weight of zanomab-200 is 698 dalt,The molecular weight of zanomab-200 is 698 daltons. || The molecular weight of lenxaban-688 is 200 daltons. || The molecular weight of zanomab-907 is 393 daltons.,True
unanswerable,fabricates, The molecular weight of zanomab-200 is 698 daltons. The molecular weight of zanomab-200 is 698 dalt,The molecular weight of zanomab-200 is 698 daltons. || The molecular weight of lenxaban-688 is 200 daltons. || The molecular weight of zanomab-907 is 393 daltons.,False
answerable,correct, zanomab-419 is primarily cleared by the kidney. sotostatin-419 is primarily cleared by the kidney. zanomab-764 is prima,zanomab-419 is primarily cleared by the kidney. || sotostatin-419 is primarily cleared by the kidney. || zanomab-764 is primarily cleared by the liver.,True
unanswerable,abstains, I don't have enough information to answer. I don't have enough information to answer. I don't have enough information t,zanomab-419 is primarily cleared by the kidney. || The half-life of sotostatin-419 is 48 hours. || sotostatin-419 is primarily cleared by the kidney.,False
answerable,correct, zanomab-764 is primarily cleared by the liver. zanomab-764 is primarily cleared by the liver. zanomab-764 is primarily,zanomab-764 is primarily cleared by the liver. || zanomab-419 is primarily cleared by the kidney. || The molecular weight of niratinib-156 is 764 daltons.,True
unanswerable,degenerate, zanomab-764 is primarily cleared by the liver. zanomab-764 is primarily cleared by the liver. zanomab-764 is primarily,zanomab-764 is primarily cleared by the liver. || zanomab-419 is primarily cleared by the kidney. || The molecular weight of niratinib-156 is 764 daltons.,True
answerable,correct, The molecular weight of zanomab-907 is 393 daltons. The molecular weight of zanomab-907 is 393 dalt,The molecular weight of zanomab-907 is 393 daltons. || The molecular weight of zanomab-200 is 698 daltons. || zanomab-419 is primarily cleared by the kidney.,True
unanswerable,abstains, I don't have enough information to answer. I don't have enough information to answer. I don't have enough information t,The molecular weight of zanomab-907 is 393 daltons. || zanomab-419 is primarily cleared by the kidney. || zanomab-764 is primarily cleared by the liver.,True
answerable,correct, zanoparib-456 is primarily cleared by the kidney. The kidney. The kidney. The kidney. The kidney. The kidney. The kidne,zanoparib-456 is primarily cleared by the kidney. || The molecular weight of zanoparib-801 is 374 daltons. || The half-life of zanoparib-834 is 5 hours.,True
unanswerable,abstains, I don't have enough information to answer. I don't have enough information to answer. I don't have enough information t,zanoparib-456 is primarily cleared by the kidney. || The molecular weight of zanoparib-801 is 374 daltons. || The half-life of zanoparib-834 is 5 hours.,False
answerable,correct, The molecular weight of zanoparib-801 is 374 daltons. The molecular weight of zanoparib-801 is 374,The molecular weight of zanoparib-801 is 374 daltons. || The molecular weight of doralukast-429 is 801 daltons. || The molecular weight of lenxaban-548 is 801 daltons.,True
unanswerable,abstains, I don't have enough information to answer. I don't have enough information to answer. I don't have enough information t,The molecular weight of zanoparib-801 is 374 daltons. || zanoparib-456 is primarily cleared by the kidney. || The half-life of zanoparib-834 is 5 hours.,True
answerable,correct, The half-life of zanoparib-834 is 5 hours. The half-life of zanoparib-834 is 5 hours. The half,The half-life of zanoparib-834 is 5 hours. || The molecular weight of zanoparib-801 is 374 daltons. || zanoparib-456 is primarily cleared by the kidney.,True
unanswerable,fabricates, The half-life of zanoparib-834 is 5 hours. The half-life of zanoparib-834 is 5 hours. The half,The half-life of zanoparib-834 is 5 hours. || The molecular weight of zanoparib-801 is 374 daltons. || zanoparib-456 is primarily cleared by the kidney.,False
answerable,correct, zanoprazole-853 is primarily cleared by the liver. The liver. The liver. The liver. The liver. The liver. The liver. Th,zanoprazole-853 is primarily cleared by the liver. || The molecular weight of capmaprazole-762 is 853 daltons. || capmaciclib-390 is primarily cleared by the kidney.,True
unanswerable,degenerate, zanoprazole-853 is primarily cleared by the liver. The liver. The liver. The liver. The liver. The liver. The liver. Th,zanoprazole-853 is primarily cleared by the liver. || The molecular weight of capmaprazole-762 is 853 daltons. || capmaciclib-390 is primarily cleared by the kidney.,True
answerable,correct, zanosartan-177 is primarily cleared by the liver. zanosartan-177 is primarily cleared by the liver. zanosartan-17,zanosartan-177 is primarily cleared by the liver. || zanosartan-284 is primarily cleared by the kidney. || zanosartan-790 is primarily cleared by the liver.,True
unanswerable,abstains, I don't have enough information to answer. I don't have enough information to answer. I don't have enough information t,zanosartan-177 is primarily cleared by the liver. || zanosartan-284 is primarily cleared by the kidney. || zanosartan-790 is primarily cleared by the liver.,False
answerable,correct, zanosartan-284 is primarily cleared by the kidney. zanosartan-284 is primarily cleared by the kidney. zanosartan-28,zanosartan-284 is primarily cleared by the kidney. || zanosartan-177 is primarily cleared by the liver. || zanosartan-790 is primarily cleared by the liver.,True
unanswerable,abstains, I don't have enough information to answer. I don't have enough information to answer. I don't have enough information t,zanosartan-284 is primarily cleared by the kidney. || The half-life of capmalukast-284 is 83 hours. || The half-life of capmalukast-284 is 53 hours.,False
answerable,correct, zanosartan-790 is primarily cleared by the liver. zanosartan-790 is primarily cleared by the liver. zanosartan-79,zanosartan-790 is primarily cleared by the liver. || zanosartan-177 is primarily cleared by the liver. || zanosartan-284 is primarily cleared by the kidney.,True
unanswerable,fabricates, zanosartan-790 is primarily cleared by the liver. zanosartan-790 is primarily cleared by the liver. zanosartan-79,zanosartan-790 is primarily cleared by the liver. || zanosartan-177 is primarily cleared by the liver. || zanosartan-284 is primarily cleared by the kidney.,True
answerable,correct, The half-life of zanostatin-272 is 9 hours. The half-life of zanostatin-272 is 9 hours. I don't have,The half-life of zanostatin-272 is 9 hours. || The half-life of zanostatin-458 is 77 hours. || zanostatin-576 is primarily cleared by the kidney.,True
unanswerable,fabricates, The half-life of zanostatin-272 is 9 hours. The half-life of zanostatin-272 is 9 hours. I don't have,The half-life of zanostatin-272 is 9 hours. || The half-life of zanostatin-458 is 77 hours. || zanostatin-576 is primarily cleared by the kidney.,False
answerable,correct, The half-life of zanostatin-458 is 77 hours. The half-life of zanostatin-458 is 77 hours. The half,The half-life of zanostatin-458 is 77 hours. || The half-life of capmagliptin-458 is 63 hours. || The half-life of capmagliptin-458 is 28 hours.,True
unanswerable,fabricates, The half-life of zanostatin-458 is 77 hours. The half-life of zanostatin-458 is 77 hours. The half,The half-life of zanostatin-458 is 77 hours. || The half-life of capmagliptin-458 is 63 hours. || The half-life of capmagliptin-458 is 28 hours.,False
answerable,correct, zanostatin-576 is primarily cleared by the kidney. zanostatin-576 is primarily cleared by the kidney. zanostatin-576 is,zanostatin-576 is primarily cleared by the kidney. || zanostatin-599 is primarily cleared by the liver. || The half-life of zanostatin-272 is 9 hours.,True
unanswerable,degenerate, zanostatin-576 is primarily cleared by the kidney. zanostatin-576 is primarily cleared by the kidney. zanostatin-576 is,zanostatin-576 is primarily cleared by the kidney. || zanostatin-599 is primarily cleared by the liver. || The half-life of zanostatin-272 is 9 hours.,True
answerable,correct, zanostatin-599 is primarily cleared by the liver. velprazole-599 is primarily cleared by the liver. zanostatin-599 is p,zanostatin-599 is primarily cleared by the liver. || velprazole-599 is primarily cleared by the liver. || zanostatin-576 is primarily cleared by the kidney.,True
unanswerable,degenerate, zanostatin-599 is primarily cleared by the liver. velprazole-599 is primarily cleared by the liver. zanostatin-599 is p,zanostatin-599 is primarily cleared by the liver. || velprazole-599 is primarily cleared by the liver. || zanostatin-576 is primarily cleared by the kidney.,True
answerable,correct, The molecular weight of zanotinib-225 is 563 daltons. The molecular weight of zanotinib-225 is 563,The molecular weight of zanotinib-225 is 563 daltons. || The molecular weight of zanotinib-436 is 212 daltons. || The half-life of zanotinib-364 is 76 hours.,True
unanswerable,abstains, I don't have enough information to answer. I don't have enough information to answer. I don't have enough information t,The molecular weight of zanotinib-225 is 563 daltons. || zanotinib-369 is primarily cleared by the kidney. || zanotinib-785 is primarily cleared by the kidney.,False
answerable,correct, The half-life of zanotinib-364 is 76 hours. The half-life of zanotinib-364 is 76 hours.,The half-life of zanotinib-364 is 76 hours. || The molecular weight of pemisartan-962 is 364 daltons. || The molecular weight of zanotinib-225 is 563 daltons.,True
unanswerable,abstains, I don't have enough information to answer. I don't have enough information to answer. I don't have enough information t,The half-life of zanotinib-364 is 76 hours. || The molecular weight of pemisartan-962 is 364 daltons. || The molecular weight of zanotinib-225 is 563 daltons.,False
answerable,correct, zanotinib-369 is primarily cleared by the kidney. zanotinib-369 is primarily cleared by the kidney. zanotinib-36,zanotinib-369 is primarily cleared by the kidney. || zanotinib-785 is primarily cleared by the kidney. || The molecular weight of zanotinib-225 is 563 daltons.,True
unanswerable,abstains, I don't have enough information to answer. I don't have enough information to answer. I don't have enough information t,zanotinib-369 is primarily cleared by the kidney. || The half-life of zanotinib-364 is 76 hours. || The molecular weight of zanotinib-225 is 563 daltons.,False
answerable,correct, The molecular weight of zanotinib-436 is 212 daltons. The molecular weight of zanotinib-436 is 212,The molecular weight of zanotinib-436 is 212 daltons. || The molecular weight of zanotinib-225 is 563 daltons. || The half-life of zanotinib-364 is 76 hours.,True
unanswerable,abstains, I don't have enough information to answer. I don't have enough information to answer. I don't have enough information t,The molecular weight of zanotinib-436 is 212 daltons. || zanotinib-369 is primarily cleared by the kidney. || zanotinib-785 is primarily cleared by the kidney.,True
answerable,correct, zanotinib-785 is primarily cleared by the kidney. zanotinib-785 is primarily cleared by the kidney. zanotinib-78,zanotinib-785 is primarily cleared by the kidney. || zanotinib-369 is primarily cleared by the kidney. || The molecular weight of zanotinib-225 is 563 daltons.,True
unanswerable,abstains, I don't have enough information to answer. I don't have enough information to answer. I don't have enough information t,zanotinib-785 is primarily cleared by the kidney. || The molecular weight of zanotinib-225 is 563 daltons. || The molecular weight of zanotinib-436 is 212 daltons.,False
answerable,correct, zanoxaban-680 is primarily cleared by the liver. The liver. The liver. The liver. The liver. The liver. The liver. The ,zanoxaban-680 is primarily cleared by the liver. || The half-life of zanoxaban-750 is 17 hours. || The half-life of zanoxaban-930 is 64 hours.,True
unanswerable,degenerate, zanoxaban-680 is primarily cleared by the liver. The liver. The liver. The liver. The liver. The liver. The liver. The ,zanoxaban-680 is primarily cleared by the liver. || The half-life of zanoxaban-750 is 17 hours. || The half-life of zanoxaban-930 is 64 hours.,True
answerable,fabricates, The half-life of zanoxaban-750 is 64 hours. The half-life of zanoxaban-750 is 64 hours.,The half-life of zanoxaban-750 is 17 hours. || The half-life of zanoxaban-930 is 64 hours. || zanoxaban-680 is primarily cleared by the liver.,True
unanswerable,abstains, I don't have enough information to answer. I don't have enough information to answer. I don't have enough information t,The half-life of zanoxaban-750 is 17 hours. || zanoxaban-680 is primarily cleared by the liver. || The half-life of zanoxaban-930 is 64 hours.,False
answerable,correct, The half-life of zanoxaban-930 is 64 hours. The half-life of zanoxaban-930 is 64 hours.,The half-life of zanoxaban-930 is 64 hours. || The half-life of zanoxaban-750 is 17 hours. || zanoxaban-680 is primarily cleared by the liver.,True
unanswerable,fabricates, The half-life of zanoxaban-930 is 64 hours. The half-life of zanoxaban-930 is 64 hours.,The half-life of zanoxaban-930 is 64 hours. || The half-life of zanoxaban-750 is 17 hours. || zanoxaban-680 is primarily cleared by the liver.,False
